{
  "project_info": {
    "project_number": "218127603745",
    "project_id": "twitter-d334d",
    "storage_bucket": "twitter-d334d.firebasestorage.app"
  },
  "client": [
    {
      "client_info": {
        "mobilesdk_app_id": "1:218127603745:android:2c5d72b7669a267d886b60",
        "android_client_info": {
          "package_name": "com.example.tweet"
        }
      },
      "oauth_client": [],
      "api_key": [
        {
          "current_key": "AIzaSyC4mmwRhn8nTcdlNNeJv_PIRHzvIeim-9s"
        }
      ],
      "services": {
        "appinvite_service": {
          "other_platform_oauth_client": []
        }
      }
    }
  ],
  "configuration_version": "1"
}